<?xml version="1.0" ?>
<project>
  <pomVersion>3</pomVersion>
  <name>Java Preferences User Interface</name>
  <id>jpui</id>
  <currentVersion>0.4.0</currentVersion>
  <inceptionYear>2003</inceptionYear>
  <package/>
  <shortDescription>Java Preferences User Interface</shortDescription>
  <description>
Java Preferences Browser. Java/Swing based tool to browse and edit java preferences created via the JDK 1.4.x java.util.prefs package.
&lt;br/&gt;

&lt;br/&gt;Download latest jar &lt;a href="http://prdownloads.sourceforge.net/jpui/jpui-0.4.0.jar?download"&gt;jpui-0.4.0.jar&lt;/a&gt;
&lt;br/&gt;

&lt;br/&gt;Run by executing &lt;code&gt;java -jar jpui-0.4.0.jar&lt;/code&gt; with any 1.4.x Java JRE.
&lt;br/&gt;
&lt;br/&gt;

&lt;br/&gt;Sourceforge site &lt;a href="http://www.sourceforge.net/projects/jpui"&gt;http://www.sourceforge.net/projects/jpui&lt;/a&gt;
  </description>
  <url>http://www.sourceforge.net/projects/jpui</url>
  <issueTrackingUrl>http://sourceforge.net/tracker/?group_id=88602</issueTrackingUrl>
  <siteAddress>shell.sourceforge.net</siteAddress>
  <siteDirectory>/home/groups/j/jp/jpui/htdocs</siteDirectory>
  <repository>
    <connection>scm:cvs:pserver:anonymous@cvs.sourceforge.net:/cvsroot/jpui:jpui</connection>
    <url>http://cvs.sourceforge.net/viewcvs.py/jpui/</url>

    <versions>
      <version>
        <id>r1</id>
        <name>0.3.0</name>
        <tag>jpui-0_3_0</tag>
      </version>
      <version>
        <id>r2</id>
        <name>0.4.0</name>
        <tag>jpui-0_4_0</tag>
      </version>
      <version>
        <id>r3</id>
        <name>0.5.0</name>
        <tag>HEAD</tag>
      </version>
    </versions> 
  </repository>

  <mailingLists>
    <mailingList>
      <name>jpui-users</name>
      <subscribe>http://lists.sourceforge.net/lists/listinfo/jpui-users</subscribe>
      <unsubscribe>http://lists.sourceforge.net/lists/listinfo/jpui-users</unsubscribe>
      <archive>http://sourceforge.net/mailarchive/forum.php?forum=jpui-users</archive>
    </mailingList>
    <mailingList>
      <name>jpui-development</name>
      <subscribe>http://lists.sourceforge.net/lists/listinfo/jpui-development</subscribe>
      <unsubscribe>http://lists.sourceforge.net/lists/listinfo/jpui-development</unsubscribe>
      <archive>http://sourceforge.net/mailarchive/forum.php?forum=jpui-development</archive>
    </mailingList>
  </mailingLists>
  <licenses>
    <license>
      <name>GPL</name>
      <url>http://www.gnu.org/copyleft/gpl.html</url>
    </license>
  </licenses>

 
  <developers>
    <developer>
      <name>Mark</name>
      <id>macksold</id>
      <email>macksold@users.sourceforge.net</email>
      <organization/>
    </developer>
  </developers>

  <dependencies>
    <dependency>
      <groupId>junit</groupId>
      <artifactId>junit</artifactId>
      <version>3.8.1</version>
    </dependency>
  </dependencies>

  <build>
    <sourceDirectory>src</sourceDirectory>
    <unitTestSourceDirectory>test</unitTestSourceDirectory>
    <resources>
      <resource>
        <directory>src</directory>
        <includes>
          <include>**/*.properties</include>
        </includes>
      </resource>
    </resources>
  </build>
</project>
  
